Nombre;Equipo;Cen.;Cor.;Ent.;Due.;D.C.;D.A.;Pas.;P.C.;P.L.;P.H.;GxT;GxT F.A.;GxT D.A.;GxT Iz.;GxT Der.;GxT Cab.;GxT B.P.
Aarón Martín;ESP;131;17;56;269;208;61;975;880;93;2;0,0;0,0;0,0;0,0;0,0;0,0;0,0
Achraf Hakimi;RMA;30;0;21;112;93;19;407;385;22;0;2,0;0,0;0,0;0,0;0,0;0,0;0,0
Aday;GIR;132;3;17;196;140;56;720;624;95;1;2,0;0,0;0,0;0,0;0,0;0,0;0,0
Adnan Januzaj;RSO;29;34;16;320;301;19;474;435;37;2;0,9;0,0;0,0;0,0;0,0;0,0;0,0
Adrián;DEP;29;1;24;364;207;157;860;823;31;6;3,6;0,0;0,0;0,0;0,0;0,0;0,0
Adrián;MGA;14;2;40;348;188;160;1.048;929;117;2;1,8;0,0;0,0;0,0;0,0;0,0;0,0
Adrián Marín;VIL;2;0;6;28;25;3;89;80;9;0;0,0;0,0;0,0;0,0;0,0;0,0;0,0
Aduriz;ATH;19;0;11;335;137;198;490;472;16;2;5,6;0,0;0,0;0,0;0,0;0,0;0,0
Adán;BET;0;0;1;13;8;5;1.124;534;590;0;0,0;0,0;0,0;0,0;0,0;0,0;0,0
Agirretxe;RSO;1;0;0;31;13;18;58;55;2;1;0,0;0,0;0,0;0,0;0,0;0,0;0,0
Aissa Mandi;BET;2;0;54;253;147;106;2.128;1.966;161;1;0,3;0,0;0,0;0,0;0,0;0,0;0,0
Aketxe;ATH;4;3;1;8;7;1;35;32;3;0;0,0;0,0;0,0;0,0;0,0;0,0;0,0
Alberto Aquilani;LPA;7;0;33;133;107;26;996;860;132;4;0,0;0,0;0,0;0,0;0,0;0,0;0,0
Alberto Redondo;GET;2;0;4;14;11;3;21;15;6;0;0,0;0,0;0,0;0,0;0,0;0,0;0,0
Alcalá;GIR;4;0;9;60;26;34;288;206;82;0;0,5;0,0;0,0;0,0;0,0;0,0;0,0
Alcácer;BAR;3;3;4;62;38;24;223;217;3;3;2,0;0,0;0,0;0,0;0,0;0,0;0,0
Aleix García;GIR;12;35;24;72;59;13;527;437;90;0;1,0;0,0;0,0;0,0;0,0;0,0;0,0
Aleix Vidal;BAR;6;3;6;54;46;8;254;236;16;2;1,0;0,0;0,0;0,0;0,0;0,0;0,0
Alejandro Robles;MGA;1;0;2;8;6;2;26;21;5;0;0,0;0,0;0,0;0,0;0,0;0,0;0,0
Alexis;ALA;6;0;33;148;98;50;632;508;124;0;0,5;0,0;0,0;0,0;0,0;0,0;0,0
Aly Abeid;LEV;2;0;2;8;5;3;28;25;3;0;0,0;0,0;0,0;0,0;0,0;0,0;0,0
Amath;GET;21;0;77;504;434;70;558;500;55;3;1,8;0,0;0,0;0,0;0,0;0,0;0,0
Amrabat;LEG;60;2;19;302;266;36;400;370;25;5;1,5;0,0;0,0;0,0;0,0;0,0;0,0
Andone;DEP;17;0;9;289;182;107;287;281;6;0;4,1;0,0;0,0;0,0;0,0;0,0;0,0
Andoni López;ATH;1;0;1;8;5;3;33;26;7;0;0,0;0,0;0,0;0,0;0,0;0,0;0,0
Andreas Pereira;VAL;56;9;26;170;145;25;335;310;24;1;1,0;0,0;0,0;0,0;0,0;0,0;0,0
Andrew Hjulsager;CEL;1;0;0;2;2;0;6;6;0;0;0,0;0,0;0,0;0,0;0,0;0,0;0,0
André Gomes;BAR;3;0;19;107;86;21;351;337;14;0;0,0;0,0;0,0;0,0;0,0;0,0;0,0
Andrés;MGA;0;0;0;2;1;1;106;13;93;0;0,0;0,0;0,0;0,0;0,0;0,0;0,0
Andrés Fdez;VIL;0;0;1;3;1;2;60;24;36;0;0,0;0,0;0,0;0,0;0,0;0,0;0,0
Antonio Luna;LEV;58;0;39;150;120;30;729;578;150;1;0,0;0,0;0,0;0,0;0,0;0,0;0,0
Antunes;GET;114;52;58;281;239;42;889;638;248;3;0,0;0,0;0,0;0,0;0,0;0,0;0,0
Arana;SEV;3;0;4;14;9;5;100;95;5;0;0,0;0,0;0,0;0,0;0,0;0,0;0,0
Arbilla;EIB;10;2;38;195;115;80;1.497;1.064;433;0;1,5;0,0;0,0;0,0;0,0;0,0;0,0
Aritz Elustondo;RSO;9;0;32;157;86;71;951;842;107;2;3,0;0,0;0,0;0,0;0,0;0,0;0,0
Arona Sané;ATM;0;0;1;11;8;3;15;15;0;0;0,0;0,0;0,0;0,0;0,0;0,0;0,0
Axel Werner;ATM;0;0;0;0;0;0;16;0;16;0;0,0;0,0;0,0;0,0;0,0;0,0;0,0
Aythami Artiles;LPA;0;0;2;9;4;5;95;80;15;0;0,0;0,0;0,0;0,0;0,0;0,0;0,0
Bacca;VIL;11;2;10;197;136;61;520;495;24;1;8,0;0,0;0,0;0,0;0,0;0,0;0,0
Bakkali;DEP;32;9;12;124;107;17;261;249;11;1;0,0;0,0;0,0;0,0;0,0;0,0;0,0
Bale;RMA;55;0;19;205;142;63;696;644;50;2;6,9;0,0;0,0;0,0;0,0;0,0;0,0
Balenziaga;ATH;50;0;34;147;120;27;576;508;68;0;0,0;0,0;0,0;0,0;0,0;0,0;0,0
Banega;SEV;54;103;71;406;381;25;2.132;1.884;238;10;2,5;0,0;0,0;0,0;0,0;0,0;0,0
Barbosa;VIL;0;0;0;4;3;1;278;108;170;0;0,0;0,0;0,0;0,0;0,0;0,0;0,0
Barragán;BET;92;0;59;250;183;67;1.316;1.222;92;2;0,0;0,0;0,0;0,0;0,0;0,0;0,0
Bartra;BET;2;0;38;195;118;77;1.091;915;173;3;1,0;0,0;0,0;0,0;0,0;0,0;0,0
Beauvue;LEG;11;0;5;311;122;189;302;288;12;2;1,0;0,0;0,0;0,0;0,0;0,0;0,0
Bebé;EIB;40;7;9;56;51;5;96;88;8;0;0,0;0,0;0,0;0,0;0,0;0,0;0,0
Ben Yedder;SEV;8;0;12;182;109;73;471;455;15;1;4,4;0,0;0,0;0,0;0,0;0,0;0,0
Benzema;RMA;6;1;13;187;149;38;868;825;35;8;2,5;0,0;0,0;0,0;0,0;0,0;0,0
Bernardo;GIR;1;0;36;267;106;161;1.169;889;280;0;0,0;0,0;0,0;0,0;0,0;0,0;0,0
Beñat;ATH;32;49;28;119;108;11;727;629;96;2;0,0;0,0;0,0;0,0;0,0;0,0;0,0
Bigas;LPA;0;0;14;70;50;20;588;516;72;0;0,0;0,0;0,0;0,0;0,0;0,0;0,0
Boateng;LEV;3;0;4;267;124;143;221;212;9;0;3,3;0,0;0,0;0,0;0,0;0,0;0,0
Bojan;ALA;4;0;2;49;42;7;136;124;11;1;0,0;0,0;0,0;0,0;0,0;0,0;0,0
Bonera;VIL;0;0;16;70;44;26;566;470;95;1;0,0;0,0;0,0;0,0;0,0;0,0;0,0
Borja Bastón;MGA;5;0;9;128;60;68;229;222;4;3;1,0;0,0;0,0;0,0;0,0;0,0;0,0
Borja G.;GIR;66;42;39;369;325;44;1.315;1.170;133;12;1,0;0,0;0,0;0,0;0,0;0,0;0,0
Borja H.;LPA;14;0;2;22;16;6;155;146;9;0;0,0;0,0;0,0;0,0;0,0;0,0;0,0
Borja Lasso;SEV;0;0;4;10;9;1;35;30;4;1;0,0;0,0;0,0;0,0;0,0;0,0;0,0
Borja Mayoral;RMA;0;0;6;40;34;6;120;116;3;1;1,3;0,0;0,0;0,0;0,0;0,0;0,0
Borja Valle;DEP;8;0;6;69;40;29;132;124;8;0;1,4;0,0;0,0;0,0;0,0;0,0;0,0
Bounou;GIR;0;0;1;11;5;6;790;118;672;0;0,0;0,0;0,0;0,0;0,0;0,0;0,0
Bruno;GET;0;0;25;136;66;70;336;249;87;0;0,0;0,0;0,0;0,0;0,0;0,0;0,0
Bruno Gama;DEP;3;2;1;21;20;1;37;37;0;0;0,0;0,0;0,0;0,0;0,0;0,0;0,0
Bueno;MGA;3;0;3;47;30;17;93;84;9;0;0,0;0,0;0,0;0,0;0,0;0,0;0,0
Burgui;ALA;12;2;10;102;91;11;336;310;22;4;1,0;0,0;0,0;0,0;0,0;0,0;0,0
Bustinza M.;LEG;8;0;36;183;97;86;628;504;124;0;1,0;0,0;0,0;0,0;0,0;0,0;0,0
Bóveda;DEP;22;0;36;134;84;50;470;405;65;0;0,0;0,0;0,0;0,0;0,0;0,0;0,0
Cabrera;GET;12;0;19;84;48;36;214;125;89;0;0,0;0,0;0,0;0,0;0,0;0,0;0,0
Calleri;LPA;30;0;24;551;298;253;710;667;42;1;4,5;0,0;0,0;0,0;0,0;0,0;0,0
Camarasa;BET;4;2;20;145;122;23;630;583;46;1;0,5;0,0;0,0;0,0;0,0;0,0;0,0
Campaña;LEV;51;74;57;307;238;69;1.569;1.428;137;4;1,0;0,0;0,0;0,0;0,0;0,0;0,0
Campbell;BET;3;0;6;50;47;3;89;83;6;0;1,3;0,0;0,0;0,0;0,0;0,0;0,0
Canales;RSO;66;101;31;220;205;15;1.163;1.050;107;6;1,8;0,0;0,0;0,0;0,0;0,0;0,0
Capa;EIB;95;1;57;237;196;41;1.059;880;176;3;0,0;0,0;0,0;0,0;0,0;0,0;0,0
Carles Gil;DEP;4;7;6;48;44;4;212;203;8;1;0,0;0,0;0,0;0,0;0,0;0,0;0,0
Carlos Fernández;SEV;0;0;2;15;10;5;36;35;1;0;0,5;0,0;0,0;0,0;0,0;0,0;0,0
Carlos Isaac;ATM;3;0;1;10;8;2;32;31;1;0;0,0;0,0;0,0;0,0;0,0;0,0;0,0
Carlos Martínez;RSO;0;0;0;4;3;1;4;3;1;0;0,0;0,0;0,0;0,0;0,0;0,0;0,0
Carlos Soler;VAL;51;4;51;295;270;25;942;876;62;4;1,0;0,0;0,0;0,0;0,0;0,0;0,0
Carlos Sánchez ;ESP;1;0;25;138;99;39;581;505;76;0;0,0;0,0;0,0;0,0;0,0;0,0;0,0
Carriço;SEV;0;0;7;40;17;23;249;212;37;0;0,0;0,0;0,0;0,0;0,0;0,0;0,0
Carvajal;RMA;90;0;59;264;217;47;1.569;1.449;116;4;0,0;0,0;0,0;0,0;0,0;0,0;0,0
Casemiro;RMA;7;0;109;428;325;103;1.747;1.541;203;3;4,5;0,0;0,0;0,0;0,0;0,0;0,0
Celso Borges ;DEP;18;0;61;373;179;194;1.211;1.084;126;1;1,3;0,0;0,0;0,0;0,0;0,0;0,0
Champagne;LEG;0;0;0;0;0;0;53;4;49;0;0,0;0,0;0,0;0,0;0,0;0,0;0,0
Charles;EIB;7;0;11;253;105;148;413;403;10;0;4,6;0,0;0,0;0,0;0,0;0,0;0,0
Cheik Doukouré;LEV;4;0;34;145;110;35;314;297;16;1;0,5;0,0;0,0;0,0;0,0;0,0;0,0
Chema;LEV;0;0;20;118;66;52;691;507;184;0;1,0;0,0;0,0;0,0;0,0;0,0;0,0
Chichizola;LPA;0;0;2;31;16;15;961;442;519;0;0,0;0,0;0,0;0,0;0,0;0,0;0,0
Chory Castro;MGA;108;33;37;230;190;40;822;722;98;2;2,8;0,0;0,0;0,0;0,0;0,0;0,0
Christian Santos;ALA;1;0;2;91;20;71;135;133;2;0;1,5;0,0;0,0;0,0;0,0;0,0;0,0
Chéryshev;VIL;27;1;27;158;130;28;300;281;19;0;1,0;0,0;0,0;0,0;0,0;0,0;0,0
Cifu;MGA;12;0;2;21;18;3;55;54;1;0;0,0;0,0;0,0;0,0;0,0;0,0;0,0
Clement Lenglet;SEV;1;0;67;294;179;115;1.713;1.464;247;2;2,5;0,0;0,0;0,0;0,0;0,0;0,0
Coke;LEV;36;0;35;189;144;45;560;488;72;0;3,0;0,0;0,0;0,0;0,0;0,0;0,0
Corchia;SEV;23;0;18;96;80;16;298;270;28;0;0,0;0,0;0,0;0,0;0,0;0,0;0,0
Correa;SEV;7;2;15;230;200;30;460;433;25;2;0,5;0,0;0,0;0,0;0,0;0,0;0,0
Cote;EIB;185;41;61;234;167;67;1.104;783;321;0;0,0;0,0;0,0;0,0;0,0;0,0;0,0
Coutinho;BAR;14;52;27;215;204;11;813;777;26;10;3,8;0,0;0,0;0,0;0,0;0,0;0,0
Cuéllar;LEG;0;0;4;28;8;20;1.028;90;938;0;0,0;0,0;0,0;0,0;0,0;0,0;0,0
D. Torres;ALA;2;0;19;116;92;24;506;440;64;2;0,0;0,0;0,0;0,0;0,0;0,0;0,0
Dakonam Djené;GET;10;0;87;350;226;124;971;725;244;2;1,0;0,0;0,0;0,0;0,0;0,0;0,0
Damián Suárez;GET;65;45;86;388;333;55;1.174;919;250;5;1,0;0,0;0,0;0,0;0,0;0,0;0,0
Dani Castellano;LPA;39;0;46;232;180;52;841;777;64;0;0,0;0,0;0,0;0,0;0,0;0,0;0,0
Dani Ceballos;RMA;1;3;8;66;65;1;373;345;27;1;0,7;0,0;0,0;0,0;0,0;0,0;0,0
Dani García;EIB;12;1;80;292;222;70;1.614;1.327;287;0;0,0;0,0;0,0;0,0;0,0;0,0;0,0
Dani Giménez;BET;0;0;0;3;1;2;104;53;51;0;0,0;0,0;0,0;0,0;0,0;0,0;0,0
Dani Parejo;VAL;40;172;87;402;364;38;2.363;2.065;291;7;5,3;0,0;0,0;0,0;0,0;0,0;0,0
Darder;ESP;26;23;64;281;244;37;1.445;1.252;186;7;1,0;0,0;0,0;0,0;0,0;0,0;0,0
Darko;LEG;8;2;32;165;126;39;403;375;27;1;1,5;0,0;0,0;0,0;0,0;0,0;0,0
David Alba;GET;0;0;1;7;4;3;9;7;2;0;0,0;0,0;0,0;0,0;0,0;0,0;0,0
David García;LPA;3;0;16;72;48;24;458;378;80;0;1,0;0,0;0,0;0,0;0,0;0,0;0,0
David Lombán;EIB;0;0;16;96;32;64;449;331;118;0;1,0;0,0;0,0;0,0;0,0;0,0;0,0
David López;ESP;3;0;67;295;175;120;1.914;1.554;359;1;1,0;0,0;0,0;0,0;0,0;0,0;0,0
David Simón;LPA;29;0;24;114;94;20;406;361;44;1;0,0;0,0;0,0;0,0;0,0;0,0;0,0
David Soria;SEV;0;0;1;8;2;6;307;121;186;0;0,0;0,0;0,0;0,0;0,0;0,0;0,0
De la Bella;RSO;68;0;36;147;106;41;818;731;86;1;0,0;0,0;0,0;0,0;0,0;0,0;0,0
De Marcos;ATH;58;0;28;137;99;38;709;624;83;2;1,0;0,0;0,0;0,0;0,0;0,0;0,0
Dembélé;BAR;26;27;10;162;155;7;448;428;17;3;1,2;0,0;0,0;0,0;0,0;0,0;0,0
Denis Suárez;BAR;4;21;11;89;85;4;358;346;9;3;2,0;0,0;0,0;0,0;0,0;0,0;0,0
Diego Costa;ATM;2;0;17;199;141;58;313;300;10;3;1,1;0,0;0,0;0,0;0,0;0,0;0,0
Diego González;MGA;7;0;27;131;69;62;481;396;84;1;1,0;0,0;0,0;0,0;0,0;0,0;0,0
Diego López;ESP;0;0;0;3;1;2;231;49;182;0;0,0;0,0;0,0;0,0;0,0;0,0;0,0
Diego Rolan;MGA;27;1;33;341;288;53;572;538;31;3;2,2;0,0;0,0;0,0;0,0;0,0;0,0
Diop;EIB;5;0;31;193;122;71;522;444;77;1;0,0;0,0;0,0;0,0;0,0;0,0;0,0
Diéguez;ALA;1;0;10;54;45;9;139;108;31;0;0,0;0,0;0,0;0,0;0,0;0,0;0,0
Dmitrović;EIB;0;0;4;37;21;16;1.065;131;933;1;0,0;0,0;0,0;0,0;0,0;0,0;0,0
Douglas Luiz;GIR;5;3;10;56;46;10;132;122;10;0;0,0;0,0;0,0;0,0;0,0;0,0;0,0
Duarte;ALA;54;0;76;258;206;52;655;514;141;0;0,0;0,0;0,0;0,0;0,0;0,0;0,0
Dídac;ESP;22;2;29;97;75;22;341;292;49;0;0,0;0,0;0,0;0,0;0,0;0,0;0,0
El Zhar;LEG;58;12;11;263;218;45;565;539;26;0;1,5;0,0;0,0;0,0;0,0;0,0;0,0
Eloi Amagat;GIR;1;0;0;1;1;0;8;7;1;0;0,0;0,0;0,0;0,0;0,0;0,0;0,0
Emiliano Martínez;GET;0;0;0;3;1;2;140;5;135;0;0,0;0,0;0,0;0,0;0,0;0,0;0,0
Emre Mor;CEL;32;14;14;140;136;4;248;231;16;1;0,5;0,0;0,0;0,0;0,0;0,0;0,0
Emre Çolak;DEP;44;30;24;191;173;18;792;682;101;9;0,5;0,0;0,0;0,0;0,0;0,0;0,0
Enes Ünal;VIL;5;0;15;313;179;134;420;414;4;2;3,7;0,0;0,0;0,0;0,0;0,0;0,0
Enis Bardhi;LEV;22;42;39;224;205;19;618;546;70;2;5,0;0,0;0,0;0,0;0,0;0,0;0,0
Eraso;LEG;37;47;32;252;191;61;786;728;55;3;2,8;0,0;0,0;0,0;0,0;0,0;0,0
Erick Cabaco;LEV;0;0;25;93;58;35;324;241;83;0;0,0;0,0;0,0;0,0;0,0;0,0;0,0
Erik Exposito;LPA;3;0;1;82;32;50;89;87;2;0;0,5;0,0;0,0;0,0;0,0;0,0;0,0
Escalante;EIB;10;0;59;238;152;86;656;574;81;1;1,0;0,0;0,0;0,0;0,0;0,0;0,0
Escudero;SEV;40;1;78;326;230;96;1.323;1.184;137;2;0,0;0,0;0,0;0,0;0,0;0,0;0,0
Etebo;LPA;3;2;24;188;160;28;628;561;65;2;0,0;0,0;0,0;0,0;0,0;0,0;0,0
Etxeita;ATH;0;0;2;32;16;16;161;133;28;0;0,5;0,0;0,0;0,0;0,0;0,0;0,0
Ezequiel Garay;VAL;3;0;18;125;55;70;1.093;945;147;1;0,0;0,0;0,0;0,0;0,0;0,0;0,0
Fabian Schär;DEP;1;0;59;252;169;83;944;704;236;4;1,5;0,0;0,0;0,0;0,0;0,0;0,0
Fabián;BET;14;2;83;373;330;43;2.083;1.929;148;6;2,5;0,0;0,0;0,0;0,0;0,0;0,0
Facundo Roncaglia;CEL;6;0;35;130;88;42;1.070;900;168;2;0,0;0,0;0,0;0,0;0,0;0,0;0,0
Fahad Al-Muwallad;LEV;0;0;0;4;4;0;9;9;0;0;0,0;0,0;0,0;0,0;0,0;0,0;0,0
Fajr ;GET;85;55;61;287;235;52;933;697;233;3;1,0;0,0;0,0;0,0;0,0;0,0;0,0
Feddal;BET;3;0;22;113;68;45;812;634;178;0;3,0;0,0;0,0;0,0;0,0;0,0;0,0
Fede Cartabia;DEP;39;16;36;235;205;30;525;482;40;3;0,6;0,0;0,0;0,0;0,0;0,0;0,0
Fede Valverde;DEP;12;4;25;96;67;29;576;506;68;2;0,0;0,0;0,0;0,0;0,0;0,0;0,0
Fernando Navarro;DEP;12;0;32;115;82;33;442;375;67;0;0,0;0,0;0,0;0,0;0,0;0,0;0,0
Fernando Torres;ATM;2;0;11;198;106;92;241;226;13;2;3,0;0,0;0,0;0,0;0,0;0,0;0,0
Ferrán Torres;VAL;10;1;8;52;43;9;97;88;9;0;0,0;0,0;0,0;0,0;0,0;0,0;0,0
Filipe Luis;ATM;43;1;83;223;194;29;948;868;80;0;1,0;0,0;0,0;0,0;0,0;0,0;0,0
Fontàs;CEL;0;0;13;56;32;24;722;618;103;1;0,0;0,0;0,0;0,0;0,0;0,0;0,0
Francesc Regis;EIB;0;0;1;1;1;0;0;0;0;0;0,0;0,0;0,0;0,0;0,0;0,0;0,0
Francis Coquelin;VAL;1;0;18;104;76;28;302;271;31;0;1,0;0,0;0,0;0,0;0,0;0,0;0,0
Franco Vázquez;SEV;32;1;39;354;283;71;862;806;46;10;1,8;0,0;0,0;0,0;0,0;0,0;0,0
G. Cabral;CEL;0;0;29;169;73;96;1.278;1.112;166;0;1,0;0,0;0,0;0,0;0,0;0,0;0,0
Gabi;ATM;18;29;80;286;249;37;1.721;1.515;202;4;0,0;0,0;0,0;0,0;0,0;0,0;0,0
Gabriel;LEG;14;0;89;569;368;201;1.169;1.028;135;6;2,6;0,0;0,0;0,0;0,0;0,0;0,0
Gabriel;VAL;1;0;47;192;99;93;1.365;1.201;163;1;0,0;0,0;0,0;0,0;0,0;0,0;0,0
Gabriel Mercado;SEV;23;0;55;217;139;78;956;842;113;1;0,0;0,0;0,0;0,0;0,0;0,0;0,0
Gaku Shibasaki;GET;19;15;21;146;109;37;328;293;31;4;1,0;0,0;0,0;0,0;0,0;0,0;0,0
Gameiro;ATM;2;0;11;108;71;37;230;228;2;0;5,4;0,0;0,0;0,0;0,0;0,0;0,0
Ganso;SEV;2;4;15;67;55;12;341;326;13;2;2,0;0,0;0,0;0,0;0,0;0,0;0,0
Gayá;VAL;94;0;77;314;261;53;1.353;1.208;143;2;0,0;0,0;0,0;0,0;0,0;0,0;0,0
Gerard;DEP;0;0;5;25;18;7;39;30;9;0;0,0;0,0;0,0;0,0;0,0;0,0;0,0
Gerard;ESP;39;0;41;697;394;303;1.198;1.076;112;10;6,1;0,0;0,0;0,0;0,0;0,0;0,0
Giménez;ATM;2;0;38;179;90;89;736;567;169;0;1,0;0,0;0,0;0,0;0,0;0,0;0,0
Godín;ATM;0;0;50;235;140;95;1.211;1.007;203;1;0,0;0,0;0,0;0,0;0,0;0,0;0,0
Gonçalo Guedes;VAL;49;6;38;375;349;26;892;825;58;9;2,3;0,0;0,0;0,0;0,0;0,0;0,0
Granell;GIR;110;90;78;399;350;49;1.672;1.349;320;3;0,5;0,0;0,0;0,0;0,0;0,0;0,0
Granero;ESP;24;39;32;165;127;38;690;626;63;1;0,3;0,0;0,0;0,0;0,0;0,0;0,0
Griezmann;ATM;26;18;36;284;198;86;1.028;942;73;13;9,7;0,0;0,0;0,0;0,0;0,0;0,0
Guaita;GET;0;0;0;18;3;15;925;106;819;0;0,0;0,0;0,0;0,0;0,0;0,0;0,0
Guardado;BET;56;43;41;257;220;37;1.461;1.301;148;12;0,7;0,0;0,0;0,0;0,0;0,0;0,0
Guidetti;ALA;13;1;7;178;97;81;385;361;20;4;3,0;0,0;0,0;0,0;0,0;0,0;0,0
Guido Pizarro;SEV;0;0;75;304;231;73;1.247;1.171;75;1;0,5;0,0;0,0;0,0;0,0;0,0;0,0
Guilherme ;DEP;18;20;80;351;275;76;1.407;1.238;167;2;0,0;0,0;0,0;0,0;0,0;0,0;0,0
Guillermo Maripán;ALA;0;0;28;130;72;58;458;372;84;2;0,0;0,0;0,0;0,0;0,0;0,0;0,0
Gumbau;LEG;1;1;35;160;120;40;522;426;94;2;0,5;0,0;0,0;0,0;0,0;0,0;0,0
Gálvez;LPA;2;0;60;245;158;87;1.146;905;241;0;1,0;0,0;0,0;0,0;0,0;0,0;0,0
H.Moreno;RSO;0;0;7;66;26;40;502;421;80;1;0,5;0,0;0,0;0,0;0,0;0,0;0,0
Halilović;LPA;58;26;11;140;123;17;445;415;30;0;0,7;0,0;0,0;0,0;0,0;0,0;0,0
Hermoso;ESP;0;2;15;158;70;88;955;661;294;0;0,5;0,0;0,0;0,0;0,0;0,0;0,0
Hernán;LPA;0;1;18;54;42;12;238;233;5;0;0,0;0,0;0,0;0,0;0,0;0,0;0,0
Hernán Pérez;ALA;17;8;15;116;93;23;195;175;20;0;0,0;0,0;0,0;0,0;0,0;0,0;0,0
Hernán Toledo;LPA;20;0;5;96;93;3;151;145;6;0;0,0;0,0;0,0;0,0;0,0;0,0;0,0
Hugo Mallo;CEL;113;2;84;335;222;113;1.745;1.470;274;1;0,0;0,0;0,0;0,0;0,0;0,0;0,0
Héctor;ALA;0;0;1;1;1;0;1;0;1;0;0,0;0,0;0,0;0,0;0,0;0,0;0,0
I. Martínez;ATH;19;0;42;264;137;127;1.469;1.143;322;4;1,0;0,0;0,0;0,0;0,0;0,0;0,0
Iago Aspas;CEL;52;29;26;330;274;56;1.234;1.152;73;9;7,8;0,0;0,0;0,0;0,0;0,0;0,0
Iago Herrerín;ATH;0;0;2;10;6;4;260;47;213;0;0,0;0,0;0,0;0,0;0,0;0,0;0,0
Ibai;ALA;78;79;19;233;211;22;818;701;110;7;3,1;0,0;0,0;0,0;0,0;0,0;0,0
Ideye;MGA;1;0;2;123;60;63;158;152;6;0;0,3;0,0;0,0;0,0;0,0;0,0;0,0
Igor Zubeldia;RSO;2;0;39;184;122;62;940;832;106;2;1,0;0,0;0,0;0,0;0,0;0,0;0,0
Illarramendi;RSO;43;7;85;339;297;42;2.516;2.292;217;7;4,0;0,0;0,0;0,0;0,0;0,0;0,0
Imoh Ezekiel;LPA;11;0;8;62;45;17;110;108;2;0;0,0;0,0;0,0;0,0;0,0;0,0;0,0
Iniesta;BAR;23;1;28;220;211;9;1.520;1.375;131;14;1,0;0,0;0,0;0,0;0,0;0,0;0,0
Inui;EIB;58;12;39;339;294;45;841;779;58;4;2,7;0,0;0,0;0,0;0,0;0,0;0,0
Iraizoz;GIR;0;0;1;3;2;1;201;33;168;0;0,0;0,0;0,0;0,0;0,0;0,0;0,0
Isco;RMA;71;51;22;276;257;19;1.521;1.424;87;10;3,6;0,0;0,0;0,0;0,0;0,0;0,0
Iturra;MGA;8;1;70;260;215;45;587;504;82;1;0,0;0,0;0,0;0,0;0,0;0,0;0,0
Iturraspe;ATH;34;41;42;203;130;73;1.190;1.026;161;3;0,0;0,0;0,0;0,0;0,0;0,0;0,0
Ivi;LEV;73;34;49;301;270;31;562;473;84;5;2,2;0,0;0,0;0,0;0,0;0,0;0,0
Iván Alejo;EIB;109;1;20;212;185;27;218;205;12;1;1,0;0,0;0,0;0,0;0,0;0,0;0,0
Iván López;LEV;8;0;1;6;5;1;70;57;13;0;0,0;0,0;0,0;0,0;0,0;0,0;0,0
Iñigo Lekue;ATH;72;0;71;276;218;58;949;833;116;0;0,0;0,0;0,0;0,0;0,0;0,0;0,0
J. Costa;VIL;67;1;69;298;225;73;1.300;1.154;145;1;0,0;0,0;0,0;0,0;0,0;0,0;0,0
J. Naranjo;LEG;6;9;17;84;68;16;140;125;15;0;0,5;0,0;0,0;0,0;0,0;0,0;0,0
J. Ontiveros;MGA;19;4;10;89;75;14;146;134;12;0;0,0;0,0;0,0;0,0;0,0;0,0;0,0
Jaime Sierra;LEG;0;0;1;3;3;0;5;5;0;0;0,0;0,0;0,0;0,0;0,0;0,0;0,0
Jairo;LPA;8;0;9;78;62;16;139;126;11;2;0,0;0,0;0,0;0,0;0,0;0,0;0,0
Jason;LEV;51;14;32;268;221;47;501;472;24;5;0,5;0,0;0,0;0,0;0,0;0,0;0,0
Jasper Cillessen;BAR;0;0;0;0;0;0;26;17;9;0;0,0;0,0;0,0;0,0;0,0;0,0;0,0
Jaume;VAL;0;0;0;2;1;1;109;53;56;0;0,0;0,0;0,0;0,0;0,0;0,0;0,0
Javi Castellano;LPA;3;0;47;176;117;59;1.078;1.010;68;0;0,0;0,0;0,0;0,0;0,0;0,0;0,0
Javi Fuego;VIL;1;0;53;239;168;71;950;857;92;1;0,0;0,0;0,0;0,0;0,0;0,0;0,0
Javi García;BET;0;0;34;241;161;80;1.676;1.574;102;0;1,0;0,0;0,0;0,0;0,0;0,0;0,0
Javi López;ESP;28;0;47;154;121;33;440;384;56;0;0,0;0,0;0,0;0,0;0,0;0,0;0,0
Jefferson Lerma;LEV;2;0;52;346;210;136;1.092;990;98;4;0,0;0,0;0,0;0,0;0,0;0,0;0,0
Jesús Navas;SEV;93;2;32;164;128;36;782;700;80;2;0,5;0,0;0,0;0,0;0,0;0,0;0,0
Jesús Vallejo;RMA;0;0;8;41;21;20;366;317;49;0;0,0;0,0;0,0;0,0;0,0;0,0;0,0
Joan Jordán;EIB;53;66;31;317;245;72;1.181;1.034;144;3;4,8;0,0;0,0;0,0;0,0;0,0;0,0
Joaquín;BET;56;60;22;274;226;48;1.233;1.128;96;9;2,7;0,0;0,0;0,0;0,0;0,0;0,0
Johannes Geis;SEV;8;1;20;55;42;13;365;309;56;0;0,0;0,0;0,0;0,0;0,0;0,0;0,0
Jon Bautista;RSO;0;0;0;26;9;17;35;34;1;0;1,0;0,0;0,0;0,0;0,0;0,0;0,0
Jon Guridi;RSO;0;0;1;5;4;1;23;22;1;0;0,0;0,0;0,0;0,0;0,0;0,0;0,0
Jonny;CEL;51;0;102;415;344;71;1.743;1.594;144;5;1,5;0,0;0,0;0,0;0,0;0,0;0,0
Jony;MGA;27;10;3;35;34;1;69;63;5;1;0,0;0,0;0,0;0,0;0,0;0,0;0,0
Jordi Alba;BAR;46;1;63;227;191;36;2.102;2.000;100;2;2,0;0,0;0,0;0,0;0,0;0,0;0,0
Jordi Amat;BET;0;0;33;175;115;60;1.598;1.442;156;0;0,0;0,0;0,0;0,0;0,0;0,0;0,0
Jorge Molina;GET;17;0;18;532;272;260;834;796;29;9;2,7;0,0;0,0;0,0;0,0;0,0;0,0
Jose Arnáiz;BAR;0;0;1;1;1;0;4;4;0;0;0,0;0,0;0,0;0,0;0,0;0,0;0,0
José Lara;SEV;0;0;0;2;2;0;4;3;1;0;0,0;0,0;0,0;0,0;0,0;0,0;0,0
Jozabed;CEL;6;2;18;96;82;14;876;786;85;5;0,0;0,0;0,0;0,0;0,0;0,0;0,0
Juan Cruz;MGA;0;0;2;3;3;0;3;3;0;0;0,0;0,0;0,0;0,0;0,0;0,0;0,0
Juanfran;ATM;36;0;33;127;112;15;504;476;27;1;0,0;0,0;0,0;0,0;0,0;0,0;0,0
Juanfran;DEP;160;2;64;314;241;73;1.405;1.213;191;1;0,0;0,0;0,0;0,0;0,0;0,0;0,0
Juanjo Narváez;BET;6;0;8;45;38;7;155;141;12;2;0,0;0,0;0,0;0,0;0,0;0,0;0,0
Juankar;MGA;24;0;23;78;61;17;316;276;39;1;0,0;0,0;0,0;0,0;0,0;0,0;0,0
Juanmi;RSO;5;0;22;159;130;29;348;332;16;0;5,7;0,0;0,0;0,0;0,0;0,0;0,0
Juanpe;GIR;4;0;48;215;120;95;1.335;999;336;0;4,5;0,0;0,0;0,0;0,0;0,0;0,0
Juanpi;MGA;7;7;11;105;88;17;209;188;19;2;0,0;0,0;0,0;0,0;0,0;0,0;0,0
Julio Gracia;BET;1;0;0;3;2;1;21;19;2;0;0,0;0,0;0,0;0,0;0,0;0,0;0,0
Juncà;EIB;63;8;15;73;62;11;463;381;81;1;0,0;0,0;0,0;0,0;0,0;0,0;0,0
Jurado;ESP;23;1;18;156;151;5;607;559;46;2;0,0;0,0;0,0;0,0;0,0;0,0;0,0
Keko;MGA;41;0;38;204;180;24;343;317;26;0;0,0;0,0;0,0;0,0;0,0;0,0;0,0
Kepa;ATH;0;0;0;17;7;10;937;223;714;0;0,0;0,0;0,0;0,0;0,0;0,0;0,0
Kevin Soni;GIR;0;0;1;5;4;1;5;5;0;0;0,0;0,0;0,0;0,0;0,0;0,0;0,0
Keylor Navas;RMA;0;0;2;11;7;4;570;332;238;0;0,0;0,0;0,0;0,0;0,0;0,0;0,0
Kike;EIB;15;0;14;439;196;243;688;666;22;0;3,4;0,0;0,0;0,0;0,0;0,0;0,0
Kiko Casilla;RMA;0;0;1;3;1;2;219;125;94;0;0,0;0,0;0,0;0,0;0,0;0,0;0,0
Koke;ATM;62;97;75;326;299;27;1.989;1.777;197;15;2,2;0,0;0,0;0,0;0,0;0,0;0,0
Kondogbia;VAL;3;0;88;440;357;83;1.548;1.372;172;4;3,5;0,0;0,0;0,0;0,0;0,0;0,0
Kovačić;RMA;4;1;38;145;137;8;791;741;49;1;0,0;0,0;0,0;0,0;0,0;0,0;0,0
Krohn-Dehli;DEP;12;19;25;112;93;19;700;646;52;2;1,0;0,0;0,0;0,0;0,0;0,0;0,0
Kévin Rodrigues;RSO;70;1;44;171;132;39;702;661;41;0;0,3;0,0;0,0;0,0;0,0;0,0;0,0
Lacen;MGA;8;0;38;143;113;30;502;448;54;0;0,0;0,0;0,0;0,0;0,0;0,0;0,0
Laguardia;ALA;2;0;20;109;42;67;558;374;184;0;1,5;0,0;0,0;0,0;0,0;0,0;0,0
Lato;VAL;10;0;30;94;74;20;329;292;37;0;0,0;0,0;0,0;0,0;0,0;0,0;0,0
Llorente R.;RSO;3;0;30;242;122;120;1.521;1.314;207;0;2,3;0,0;0,0;0,0;0,0;0,0;0,0
Lobotka;CEL;10;0;64;332;272;60;2.069;1.902;165;2;0,0;0,0;0,0;0,0;0,0;0,0;0,0
Loren;BET;4;0;14;186;139;47;189;177;9;3;3,4;0,0;0,0;0,0;0,0;0,0;0,0
Lozano;GIR;8;0;9;110;65;45;119;116;3;0;0,5;0,0;0,0;0,0;0,0;0,0;0,0
Loïc Remy;GET;12;0;8;158;104;54;349;327;21;1;5,0;0,0;0,0;0,0;0,0;0,0;0,0
Lucas Boyé;CEL;10;0;12;65;55;10;116;113;3;0;0,0;0,0;0,0;0,0;0,0;0,0;0,0
Lucas Digne;BAR;15;0;22;69;51;18;480;462;18;0;0,0;0,0;0,0;0,0;0,0;0,0;0,0
Lucas Hernández;ATM;17;0;93;312;233;79;916;816;99;1;0,0;0,0;0,0;0,0;0,0;0,0;0,0
Lucas Pérez;DEP;81;111;17;235;214;21;808;736;65;7;4,7;0,0;0,0;0,0;0,0;0,0;0,0
Lucas Vázquez;RMA;78;20;48;282;260;22;894;849;44;1;2,8;0,0;0,0;0,0;0,0;0,0;0,0
Luis H. ;MGA;8;0;49;210;119;91;1.413;1.117;295;1;0,0;0,0;0,0;0,0;0,0;0,0;0,0
Luis Muriel;SEV;17;2;16;241;166;75;421;410;7;4;2,7;0,0;0,0;0,0;0,0;0,0;0,0
Luis Suárez;BAR;12;1;17;288;266;22;1.055;977;67;11;8,5;0,0;0,0;0,0;0,0;0,0;0,0
Luisinho;DEP;88;0;111;350;308;42;1.182;1.012;169;1;0,5;0,0;0,0;0,0;0,0;0,0;0,0
Léo Baptistão;ESP;34;0;54;412;302;110;686;655;26;5;3,2;0,0;0,0;0,0;0,0;0,0;0,0
M. Guerrero;LEG;1;0;7;198;114;84;370;362;7;1;1,1;0,0;0,0;0,0;0,0;0,0;0,0
M. Gómez;CEL;16;0;7;414;221;193;630;589;40;1;8,3;0,0;0,0;0,0;0,0;0,0;0,0
M. M. Dos Santos;LEG;3;0;16;72;38;34;308;240;68;0;0,0;0,0;0,0;0,0;0,0;0,0;0,0
M. Navarro;ESP;61;0;20;122;88;34;392;331;60;1;0,5;0,0;0,0;0,0;0,0;0,0;0,0
M. Trigueros;VIL;52;53;61;323;271;52;1.816;1.630;177;9;2,0;0,0;0,0;0,0;0,0;0,0;0,0
Maksím Kóval;DEP;0;0;0;1;1;0;39;9;30;0;0,0;0,0;0,0;0,0;0,0;0,0;0,0
Mantovani;LEG;0;0;12;106;45;61;377;319;58;0;1,0;0,0;0,0;0,0;0,0;0,0;0,0
Manu García;ALA;12;0;97;475;342;133;984;857;125;2;2,0;0,0;0,0;0,0;0,0;0,0;0,0
Marc Roca;ESP;0;1;8;23;19;4;168;146;22;0;0,0;0,0;0,0;0,0;0,0;0,0;0,0
Marcelo;RMA;154;11;53;269;234;35;1.608;1.424;180;4;2,0;0,0;0,0;0,0;0,0;0,0;0,0
Marco Asensio;RMA;75;50;26;154;148;6;1.133;1.077;47;9;2,5;0,0;0,0;0,0;0,0;0,0;0,0
Marcos Llorente;RMA;1;0;15;62;43;19;429;400;29;0;0,0;0,0;0,0;0,0;0,0;0,0;0,0
Mario Gaspar;VIL;60;0;109;353;257;96;1.441;1.287;153;1;1,5;0,0;0,0;0,0;0,0;0,0;0,0
Markel Bergara;GET;5;0;34;169;108;61;385;359;26;0;3,0;0,0;0,0;0,0;0,0;0,0;0,0
Mathieu Flamini;GET;3;0;11;49;32;17;143;128;15;0;0,0;0,0;0,0;0,0;0,0;0,0;0,0
Mathías Olivera;GET;1;0;3;29;11;18;29;25;4;0;1,0;0,0;0,0;0,0;0,0;0,0;0,0
Matías Aguirregaray;LPA;19;0;25;151;120;31;549;472;75;2;0,0;0,0;0,0;0,0;0,0;0,0;0,0
Mauro Arambarri;GET;6;0;56;279;230;49;618;468;147;3;1,0;0,0;0,0;0,0;0,0;0,0;0,0
Maxime Lestienne;MGA;26;8;8;57;52;5;200;183;17;0;0,0;0,0;0,0;0,0;0,0;0,0;0,0
Mazan;CEL;3;0;0;6;5;1;74;68;6;0;0,0;0,0;0,0;0,0;0,0;0,0;0,0
Melendo;ESP;5;2;2;67;52;15;257;236;19;2;0,0;0,0;0,0;0,0;0,0;0,0;0,0
Messi;BAR;26;44;17;512;493;19;1.883;1.735;111;37;7,5;0,0;0,0;0,0;0,0;0,0;0,0
Michel Macedo;LPA;65;0;34;223;160;63;914;841;71;2;0,0;0,0;0,0;0,0;0,0;0,0;0,0
Miguel Layún;SEV;44;11;28;107;81;26;511;436;74;1;1,0;0,0;0,0;0,0;0,0;0,0;0,0
Miguel Torres;MGA;4;0;16;45;33;12;251;213;38;0;0,0;0,0;0,0;0,0;0,0;0,0;0,0
Miguel Ángel Rubio;GET;0;0;0;6;2;4;10;8;2;0;0,0;0,0;0,0;0,0;0,0;0,0;0,0
Mikel Oyarzabal;RSO;32;60;33;367;286;81;907;852;53;2;7,4;0,0;0,0;0,0;0,0;0,0;0,0
Mikel Rico;ATH;11;1;24;138;120;18;535;478;56;1;0,0;0,0;0,0;0,0;0,0;0,0;0,0
Miquel;MGA;2;0;19;188;95;93;692;506;185;1;0,0;0,0;0,0;0,0;0,0;0,0;0,0
Modrić;RMA;14;6;33;212;193;19;1.547;1.378;158;11;0,3;0,0;0,0;0,0;0,0;0,0;0,0
Mojica;GIR;147;1;42;341;278;63;774;696;77;1;0,0;0,0;0,0;0,0;0,0;0,0;0,0
Molinero;GET;11;0;13;68;55;13;197;162;35;0;0,0;0,0;0,0;0,0;0,0;0,0;0,0
Momo;LPA;24;12;14;81;69;12;356;325;29;2;0,0;0,0;0,0;0,0;0,0;0,0;0,0
Montoya;VAL;51;1;66;257;198;59;984;892;92;0;0,0;0,0;0,0;0,0;0,0;0,0;0,0
Morales;LEV;133;18;37;462;417;45;792;716;68;8;6,6;0,0;0,0;0,0;0,0;0,0;0,0
Moyà;RSO;0;0;0;4;2;2;337;152;185;0;0,0;0,0;0,0;0,0;0,0;0,0;0,0
Mujaid Sadick;DEP;1;0;4;7;6;1;40;38;2;0;0,0;0,0;0,0;0,0;0,0;0,0;0,0
Muniain ;ATH;10;5;10;112;107;5;429;392;32;5;2,3;0,0;0,0;0,0;0,0;0,0;0,0
Muniesa;GIR;1;0;33;118;75;43;630;524;106;0;0,0;0,0;0,0;0,0;0,0;0,0;0,0
Munir;ALA;49;35;25;412;311;101;627;593;31;3;4,6;0,0;0,0;0,0;0,0;0,0;0,0
Murillo;VAL;0;0;31;143;71;72;751;654;96;1;0,0;0,0;0,0;0,0;0,0;0,0;0,0
Muñoz;LEG;1;0;36;131;67;64;495;419;76;0;0,0;0,0;0,0;0,0;0,0;0,0;0,0
N'Zonzi;SEV;10;0;39;243;118;125;1.850;1.763;87;0;1,0;0,0;0,0;0,0;0,0;0,0;0,0
N. Semedo;BAR;15;0;34;164;150;14;978;917;60;1;0,0;0,0;0,0;0,0;0,0;0,0;0,0
Nacho;RMA;24;0;55;207;142;65;1.109;1.033;75;1;2,0;0,0;0,0;0,0;0,0;0,0;0,0
Nacho Gil;LPA;12;36;16;142;123;19;333;318;15;0;0,0;0,0;0,0;0,0;0,0;0,0;0,0
Nahuel;BET;5;0;5;40;37;3;117;111;6;0;0,0;0,0;0,0;0,0;0,0;0,0;0,0
Naldo;ESP;0;0;14;72;28;44;432;370;62;0;0,0;0,0;0,0;0,0;0,0;0,0;0,0
Nano;LEV;0;0;7;38;28;10;57;56;1;0;0,0;0,0;0,0;0,0;0,0;0,0;0,0
Nemanja Maksimovic;VAL;5;0;21;81;51;30;252;232;20;0;0,0;0,0;0,0;0,0;0,0;0,0;0,0
Neto;VAL;0;0;1;12;5;7;668;167;501;0;0,0;0,0;0,0;0,0;0,0;0,0;0,0
Nolito;SEV;17;20;49;236;203;33;606;554;43;9;2,3;0,0;0,0;0,0;0,0;0,0;0,0
O. Duarte;ESP;1;0;12;81;32;49;481;363;118;0;0,0;0,0;0,0;0,0;0,0;0,0;0,0
Oblak ;ATM;0;0;0;13;7;6;799;187;612;0;0,0;0,0;0,0;0,0;0,0;0,0;0,0
Oier;LEV;0;0;0;15;9;6;648;120;528;0;0,0;0,0;0,0;0,0;0,0;0,0;0,0
Olunga;GIR;3;0;6;78;30;48;109;108;1;0;0,8;0,0;0,0;0,0;0,0;0,0;0,0
Omar R.;LEG;56;24;22;202;167;35;426;377;46;3;0,0;0,0;0,0;0,0;0,0;0,0;0,0
Orellana;EIB;39;23;14;244;206;38;469;430;38;1;1,7;0,0;0,0;0,0;0,0;0,0;0,0
P. Hernández ;CEL;7;0;48;378;240;138;1.230;1.088;138;4;1,5;0,0;0,0;0,0;0,0;0,0;0,0
P. León;EIB;67;68;9;108;79;29;286;257;29;0;0,0;0,0;0,0;0,0;0,0;0,0;0,0
P. Mosquera;DEP;11;0;48;204;147;57;707;581;125;1;0,0;0,0;0,0;0,0;0,0;0,0;0,0
Pablo Fornals;VIL;23;9;52;313;248;65;1.326;1.190;119;17;2,0;0,0;0,0;0,0;0,0;0,0;0,0
Pablo Maffeo;GIR;112;2;74;356;258;98;851;734;116;1;0,0;0,0;0,0;0,0;0,0;0,0;0,0
Pablo Sarabia;SEV;77;45;27;280;237;43;1.008;946;54;8;2,9;0,0;0,0;0,0;0,0;0,0;0,0
Pacheco;GET;14;6;4;15;13;2;80;69;10;1;0,0;0,0;0,0;0,0;0,0;0,0;0,0
Pacheco;ALA;0;0;0;8;2;6;952;141;811;0;0,0;0,0;0,0;0,0;0,0;0,0;0,0
Pareja;SEV;0;0;11;44;25;19;228;184;43;1;0,0;0,0;0,0;0,0;0,0;0,0;0,0
Pau López;ESP;0;0;0;13;4;9;682;152;530;0;0,0;0,0;0,0;0,0;0,0;0,0;0,0
Paulinho;BAR;3;0;39;268;200;68;1.219;1.177;39;3;7,3;0,0;0,0;0,0;0,0;0,0;0,0
Paulo;EIB;1;0;41;209;76;133;888;662;225;1;0,0;0,0;0,0;0,0;0,0;0,0;0,0
Pazzini;LEV;1;0;0;53;36;17;65;61;3;1;1,0;0,0;0,0;0,0;0,0;0,0;0,0
Pedraza;ALA;76;1;56;335;289;46;595;541;53;1;2,5;0,0;0,0;0,0;0,0;0,0;0,0
Pedro López;LEV;53;0;33;154;122;32;576;504;72;0;0,0;0,0;0,0;0,0;0,0;0,0;0,0
Pere Pons;GIR;3;0;80;391;323;68;1.025;932;89;4;0,0;0,0;0,0;0,0;0,0;0,0;0,0
Peñalba;LPA;0;0;6;58;36;22;380;354;24;2;0,0;0,0;0,0;0,0;0,0;0,0;0,0
Peñaranda;MGA;5;0;10;189;125;64;242;236;6;0;0,0;0,0;0,0;0,0;0,0;0,0;0,0
Piatti;ESP;84;63;45;320;251;69;521;487;33;1;1,5;0,0;0,0;0,0;0,0;0,0;0,0
Piqué;BAR;2;0;31;203;109;94;1.852;1.634;218;0;2,0;0,0;0,0;0,0;0,0;0,0;0,0
Planas;GIR;7;0;5;15;11;4;83;77;5;1;0,0;0,0;0,0;0,0;0,0;0,0;0,0
Portillo;GET;26;8;39;311;256;55;970;886;69;15;2,0;0,0;0,0;0,0;0,0;0,0;0,0
Portu;GIR;72;0;30;448;348;100;587;564;18;5;7,5;0,0;0,0;0,0;0,0;0,0;0,0
Postigo;LEV;3;0;36;152;89;63;952;739;211;2;1,0;0,0;0,0;0,0;0,0;0,0;0,0
R. Albentosa;DEP;2;0;13;115;56;59;769;591;177;1;1,0;0,0;0,0;0,0;0,0;0,0;0,0
Radoja;CEL;4;0;18;112;78;34;606;576;30;0;0,0;0,0;0,0;0,0;0,0;0,0;0,0
Rafa Navarro;BET;2;0;3;21;17;4;74;70;4;0;0,0;0,0;0,0;0,0;0,0;0,0;0,0
Rakitić;BAR;18;49;52;268;219;49;2.495;2.285;199;11;0,5;0,0;0,0;0,0;0,0;0,0;0,0
Ramalho;GIR;7;0;25;151;85;66;877;689;188;0;0,0;0,0;0,0;0,0;0,0;0,0;0,0
Ramis ;EIB;1;0;20;140;53;87;696;539;157;0;2,3;0,0;0,0;0,0;0,0;0,0;0,0
Raúl C.;LEG;58;17;34;128;99;29;476;394;81;1;0,0;0,0;0,0;0,0;0,0;0,0;0,0
Raúl García;ATH;40;0;81;543;319;224;847;759;79;9;3,9;0,0;0,0;0,0;0,0;0,0;0,0
Raúl Lizoain;LPA;0;0;1;7;7;0;318;180;138;0;0,0;0,0;0,0;0,0;0,0;0,0;0,0
Raúl Navas;RSO;1;0;22;126;63;63;1.218;1.012;204;2;0,0;0,0;0,0;0,0;0,0;0,0;0,0
Recio;MGA;33;40;54;279;234;45;952;850;97;5;0,3;0,0;0,0;0,0;0,0;0,0;0,0
Ricca;MGA;32;0;43;129;85;44;434;354;80;0;0,0;0,0;0,0;0,0;0,0;0,0;0,0
Rico;LEG;103;26;68;268;217;51;924;775;149;0;0,6;0,0;0,0;0,0;0,0;0,0;0,0
Riesgo;EIB;0;0;0;2;0;2;31;0;31;0;0,0;0,0;0,0;0,0;0,0;0,0;0,0
Rivera;EIB;0;0;13;24;22;2;132;119;13;0;0,0;0,0;0,0;0,0;0,0;0,0;0,0
Riza Durmisi;BET;66;3;39;118;95;23;825;746;78;1;2,0;0,0;0,0;0,0;0,0;0,0;0,0
Roberto;MGA;0;0;0;17;1;16;908;149;759;0;0,0;0,0;0,0;0,0;0,0;0,0;0,0
Roberto Rosales ;MGA;125;44;104;357;260;97;1.410;1.198;212;0;1,0;0,0;0,0;0,0;0,0;0,0;0,0
Roberto Soriano;VIL;17;3;30;186;149;37;484;468;13;3;0,0;0,0;0,0;0,0;0,0;0,0;0,0
Rochina;LEV;1;0;8;31;29;2;81;72;9;0;1,0;0,0;0,0;0,0;0,0;0,0;0,0
Rodri;VIL;5;0;104;454;314;140;2.470;2.253;214;3;1,0;0,0;0,0;0,0;0,0;0,0;0,0
Rodrigo;VAL;26;2;23;321;241;80;892;820;60;12;8,6;0,0;0,0;0,0;0,0;0,0;0,0
Rodrigo Ely;ALA;1;0;32;253;88;165;1.027;753;272;2;1,0;0,0;0,0;0,0;0,0;0,0;0,0
Roger;LEV;6;0;8;112;78;34;189;175;12;2;2,5;0,0;0,0;0,0;0,0;0,0;0,0
Roger Martínez;VIL;2;0;1;44;34;10;60;55;5;0;1,0;0,0;0,0;0,0;0,0;0,0;0,0
Rolón;MGA;1;0;6;40;32;8;136;124;11;1;0,0;0,0;0,0;0,0;0,0;0,0;0,0
Ronaldo;RMA;34;4;7;188;125;63;732;705;22;5;5,0;0,0;0,0;0,0;0,0;0,0;0,0
Roque Mesa;SEV;1;1;13;40;36;4;220;202;18;0;0,0;0,0;0,0;0,0;0,0;0,0;0,0
Rubén;DEP;0;0;1;14;7;7;602;157;445;0;0,0;0,0;0,0;0,0;0,0;0,0;0,0
Rubén Blanco;CEL;0;0;0;9;3;6;736;277;459;0;0,0;0,0;0,0;0,0;0,0;0,0;0,0
Rubén Castro;BET;0;0;1;18;12;6;58;53;3;2;0,5;0,0;0,0;0,0;0,0;0,0;0,0
Rubén Pardo;RSO;4;5;1;14;11;3;132;115;16;1;0,0;0,0;0,0;0,0;0,0;0,0;0,0
Rubén Peña;EIB;70;0;41;187;151;36;726;601;125;0;1,0;0,0;0,0;0,0;0,0;0,0;0,0
Rubén Pérez J.;LEG;2;0;99;357;290;67;1.489;1.159;325;5;0,0;0,0;0,0;0,0;0,0;0,0;0,0
Rukavina;VIL;27;0;25;77;57;20;464;407;56;1;0,0;0,0;0,0;0,0;0,0;0,0;0,0
Rulli;RSO;0;0;2;11;9;2;996;545;451;0;0,0;0,0;0,0;0,0;0,0;0,0;0,0
Ryad Boudebouz;BET;31;23;32;208;180;28;803;740;59;4;1,5;0,0;0,0;0,0;0,0;0,0;0,0
Róber;LEV;3;0;35;132;89;43;671;566;105;0;0,0;0,0;0,0;0,0;0,0;0,0;0,0
Rúben Semedo;VIL;0;0;6;26;16;10;88;81;7;0;0,0;0,0;0,0;0,0;0,0;0,0;0,0
S. Asenjo ;VIL;0;0;2;20;10;10;535;149;386;0;0,0;0,0;0,0;0,0;0,0;0,0;0,0
S. Castillejo;VIL;52;73;40;404;346;58;885;812;66;7;3,1;0,0;0,0;0,0;0,0;0,0;0,0
S. García;ESP;19;0;15;224;173;51;427;400;26;1;0,8;0,0;0,0;0,0;0,0;0,0;0,0
S. Sánchez;ESP;1;0;4;9;7;2;27;23;4;0;0,0;0,0;0,0;0,0;0,0;0,0;0,0
Sabin Merino;ATH;4;0;8;60;35;25;89;87;2;0;0,0;0,0;0,0;0,0;0,0;0,0;0,0
Saborit;ATH;36;0;50;137;104;33;527;460;67;0;0,0;0,0;0,0;0,0;0,0;0,0;0,0
Sadiku;LEV;1;0;1;51;13;38;69;66;3;0;0,0;0,0;0,0;0,0;0,0;0,0;0,0
Salem;VIL;0;0;1;6;6;0;17;17;0;0;0,0;0,0;0,0;0,0;0,0;0,0;0,0
Samuel;MGA;12;0;17;81;68;13;101;94;6;1;0,0;0,0;0,0;0,0;0,0;0,0;0,0
Samuel Umtiti;BAR;0;0;50;187;119;68;1.618;1.495;123;0;1,0;0,0;0,0;0,0;0,0;0,0;0,0
San José;ATH;11;0;52;328;202;126;1.010;899;104;7;1,0;0,0;0,0;0,0;0,0;0,0;0,0
Sanabria;BET;2;0;8;116;57;59;170;166;4;0;3,4;0,0;0,0;0,0;0,0;0,0;0,0
Sandro;SEV;8;10;8;99;86;13;237;227;9;1;0,0;0,0;0,0;0,0;0,0;0,0;0,0
Sansone;VIL;12;9;8;75;66;9;217;206;10;1;3,3;0,0;0,0;0,0;0,0;0,0;0,0
Santi Mina;VAL;6;0;17;259;165;94;466;441;23;2;8,0;0,0;0,0;0,0;0,0;0,0;0,0
Savić;ATM;3;0;30;155;88;67;988;776;212;0;0,0;0,0;0,0;0,0;0,0;0,0;0,0
Saúl;ATM;19;0;132;593;416;177;1.690;1.571;115;4;2,0;0,0;0,0;0,0;0,0;0,0;0,0
Saša Lukić;LEV;5;0;21;129;103;26;337;306;29;2;0,0;0,0;0,0;0,0;0,0;0,0;0,0
Serantes;LEG;0;0;0;1;0;1;32;1;31;0;0,0;0,0;0,0;0,0;0,0;0,0;0,0
Sergi Enrich;EIB;5;0;11;245;97;148;420;402;18;0;1,1;0,0;0,0;0,0;0,0;0,0;0,0
Sergi Gómez;CEL;3;0;52;187;88;99;1.652;1.419;232;1;0,5;0,0;0,0;0,0;0,0;0,0;0,0
Sergi Roberto;BAR;34;0;63;256;219;37;1.617;1.544;70;3;1,0;0,0;0,0;0,0;0,0;0,0;0,0
Sergio;BAR;0;0;86;341;263;78;2.241;2.053;182;6;1,0;0,0;0,0;0,0;0,0;0,0;0,0
Sergio A.;CEL;0;0;0;13;4;9;575;253;322;0;0,0;0,0;0,0;0,0;0,0;0,0;0,0
Sergio León;BET;8;1;13;240;163;77;369;336;31;2;7,2;0,0;0,0;0,0;0,0;0,0;0,0
Sergio Mora;GET;4;0;21;89;62;27;395;357;38;0;0,0;0,0;0,0;0,0;0,0;0,0;0,0
Sergio Ramos;RMA;9;0;40;246;111;135;1.887;1.648;234;5;1,8;0,0;0,0;0,0;0,0;0,0;0,0
Sergio Rico;SEV;0;0;1;19;5;14;549;209;340;0;0,0;0,0;0,0;0,0;0,0;0,0;0,0
Sidnei;DEP;4;0;41;162;93;69;764;622;140;2;0,5;0,0;0,0;0,0;0,0;0,0;0,0
Simon Kjaer;SEV;1;0;35;136;67;69;788;680;108;0;1,0;0,0;0,0;0,0;0,0;0,0;0,0
Simone Zaza;VAL;9;0;21;353;193;160;451;424;24;3;6,2;0,0;0,0;0,0;0,0;0,0;0,0
Siovas;LEG;2;0;48;213;116;97;729;584;145;0;1,0;0,0;0,0;0,0;0,0;0,0;0,0
Sisto;CEL;64;26;18;360;344;16;980;877;97;6;3,3;0,0;0,0;0,0;0,0;0,0;0,0
Sivera;ALA;0;0;0;0;0;0;13;0;13;0;0,0;0,0;0,0;0,0;0,0;0,0;0,0
Sobrino;ALA;13;0;33;319;190;129;389;377;12;0;1,3;0,0;0,0;0,0;0,0;0,0;0,0
Stuani;GIR;4;0;22;499;239;260;493;479;13;1;9,4;0,0;0,0;0,0;0,0;0,0;0,0
Success;MGA;10;0;9;114;104;10;133;118;11;4;0,0;0,0;0,0;0,0;0,0;0,0;0,0
Sulley Muntari;DEP;5;0;9;53;35;18;141;112;28;1;0,0;0,0;0,0;0,0;0,0;0,0;0,0
Susaeta;ATH;74;86;42;312;278;34;848;779;67;2;3,0;0,0;0,0;0,0;0,0;0,0;0,0
Szymanowski;LEG;30;12;14;100;92;8;270;260;10;0;1,0;0,0;0,0;0,0;0,0;0,0;0,0
T. Pina;ALA;6;0;71;341;231;110;969;881;86;2;1,0;0,0;0,0;0,0;0,0;0,0;0,0
Tana;LPA;18;39;30;201;179;22;772;736;33;3;0,5;0,0;0,0;0,0;0,0;0,0;0,0
Tello;BET;20;5;33;187;177;10;683;644;34;5;3,0;0,0;0,0;0,0;0,0;0,0;0,0
Ter Stegen;BAR;0;0;1;7;4;3;1.110;667;443;0;0,0;0,0;0,0;0,0;0,0;0,0;0,0
Theo Hernández;RMA;30;0;21;133;120;13;551;534;16;1;0,0;0,0;0,0;0,0;0,0;0,0;0,0
Thomas;ATM;15;5;95;368;279;89;1.378;1.222;151;5;2,0;0,0;0,0;0,0;0,0;0,0;0,0
Timor;GIR;3;0;17;99;62;37;464;387;77;0;1,5;0,0;0,0;0,0;0,0;0,0;0,0
Tito L. R.;LEG;15;0;8;47;37;10;221;182;39;0;0,0;0,0;0,0;0,0;0,0;0,0;0,0
Toni Kroos;RMA;48;132;55;215;197;18;2.070;1.871;190;9;3,3;0,0;0,0;0,0;0,0;0,0;0,0
Toño;LEV;43;0;12;78;70;8;425;349;74;2;0,0;0,0;0,0;0,0;0,0;0,0;0,0
Toño Ramírez;RSO;0;0;0;2;1;1;120;59;61;0;0,0;0,0;0,0;0,0;0,0;0,0;0,0
Tytoń;DEP;0;0;0;0;0;0;26;10;16;0;0,0;0,0;0,0;0,0;0,0;0,0;0,0
Unai Núñez;ATH;3;0;73;303;186;117;1.465;1.148;316;1;1,0;0,0;0,0;0,0;0,0;0,0;0,0
Varane;RMA;1;0;28;157;79;78;1.330;1.183;147;0;0,0;0,0;0,0;0,0;0,0;0,0;0,0
Vermaelen;BAR;2;0;13;63;33;30;644;576;67;1;0,0;0,0;0,0;0,0;0,0;0,0;0,0
Vesga;ATH;9;5;17;134;92;42;389;358;31;0;0,3;0,0;0,0;0,0;0,0;0,0;0,0
Vezo;VAL;15;0;43;176;118;58;715;627;88;0;0,0;0,0;0,0;0,0;0,0;0,0;0,0
Vicente Gómez;LPA;10;0;21;184;126;58;877;838;37;2;0,0;0,0;0,0;0,0;0,0;0,0;0,0
Viera;LPA;24;41;36;328;299;29;1.477;1.380;76;21;2,1;0,0;0,0;0,0;0,0;0,0;0,0
Vietto ;VAL;7;0;13;100;88;12;274;264;9;1;2,0;0,0;0,0;0,0;0,0;0,0;0,0
Vigaray;ALA;17;0;27;91;78;13;240;200;39;1;0,0;0,0;0,0;0,0;0,0;0,0;0,0
Vitolo;ATM;9;1;24;229;197;32;644;628;16;0;2,0;0,0;0,0;0,0;0,0;0,0;0,0
Vrsaljko;ATM;78;3;48;203;137;66;628;559;69;0;0,0;0,0;0,0;0,0;0,0;0,0;0,0
Víctor López;ALA;4;1;2;6;5;1;13;10;3;0;0,0;0,0;0,0;0,0;0,0;0,0;0,0
Víctor Ruiz;VIL;2;0;33;186;85;101;1.420;1.199;219;2;2,0;0,0;0,0;0,0;0,0;0,0;0,0
Víctor S.;ESP;58;9;105;403;322;81;1.179;975;204;0;0,0;0,0;0,0;0,0;0,0;0,0;0,0
Wakaso;ALA;17;4;43;190;154;36;421;331;89;1;0,0;0,0;0,0;0,0;0,0;0,0;0,0
Wass;CEL;100;73;30;279;178;101;1.485;1.366;115;4;2,5;0,0;0,0;0,0;0,0;0,0;0,0
Williams;ATH;63;0;28;399;313;86;680;654;22;4;3,1;0,0;0,0;0,0;0,0;0,0;0,0
Willian José;RSO;13;2;10;299;185;114;844;762;73;9;7,8;0,0;0,0;0,0;0,0;0,0;0,0
Xabi Prieto;RSO;55;12;18;174;111;63;994;958;35;1;2,0;0,0;0,0;0,0;0,0;0,0;0,0
Ximo;LPA;11;0;63;277;215;62;1.335;1.155;179;1;0,0;0,0;0,0;0,0;0,0;0,0;0,0
Yeray;ATH;1;0;12;69;41;28;456;371;85;0;0,0;0,0;0,0;0,0;0,0;0,0;0,0
Yerry Mina ;BAR;0;0;10;42;23;19;243;223;20;0;0,0;0,0;0,0;0,0;0,0;0,0;0,0
Yoel;EIB;0;0;0;0;0;0;39;1;38;0;0,0;0,0;0,0;0,0;0,0;0,0;0,0
Zaldúa;LEG;78;0;68;336;264;72;857;720;137;0;1,0;0,0;0,0;0,0;0,0;0,0;0,0
Zdravko Kuzmanovic;MGA;4;0;4;40;29;11;334;304;30;0;0,0;0,0;0,0;0,0;0,0;0,0;0,0
Zurutuza;RSO;6;0;49;286;222;64;1.145;1.071;69;5;0,0;0,0;0,0;0,0;0,0;0,0;0,0
Álvaro ;VIL;7;0;38;233;117;116;1.436;1.174;262;0;0,0;0,0;0,0;0,0;0,0;0,0;0,0
Álvaro Jiménez;GET;17;0;15;126;109;17;127;117;9;1;0,5;0,0;0,0;0,0;0,0;0,0;0,0
Álvaro Medrán;ALA;7;5;21;130;114;16;502;424;75;3;2,0;0,0;0,0;0,0;0,0;0,0;0,0
Álvaro Odriozola;RSO;154;1;41;268;234;34;1.294;1.235;58;1;0,0;0,0;0,0;0,0;0,0;0,0;0,0
Ángel ;GET;20;0;28;358;212;146;369;342;24;3;5,6;0,0;0,0;0,0;0,0;0,0;0,0
Ángel Correa;ATM;30;3;41;437;400;37;850;791;49;10;5,6;0,0;0,0;0,0;0,0;0,0;0,0
